{
  "instance" : "B737NG600-15",
  "objectiveBound" : [ 64, 0 ],
  "log" : [ {
    "time" : 0.006759393,
    "objective" : [ 64, 289500 ],
    "optimal" : [ true ]
  }, {
    "time" : 0.009434826,
    "objective" : [ 64, 289500 ],
    "optimal" : [ true ]
  } ]
}